Cluster # | Energy | #points | Radius ofN,e,v,rg,epv,buriedness,v*buriedness^2/rg
1,-99.435000,252.000000,4.918948,-0.394583,0.829868,35.281415
2,-54.743000,155.000000,3.700111,-0.353181,0.782857,25.673317
3,-43.390000,130.000000,3.130542,-0.333769,0.772881,24.805582
4,-44.428000,124.000000,3.286308,-0.358290,0.784566,23.225889
